Observation id,Observation date,Description,Media file,Total length,FPS,Start time,Stop time,Duration,Test status,Subject,Behavior,Behavioral category,Modifiers,Behavior type,Start (s),Stop (s),Duration (s),Comment start,Comment stop
6008BECNR,2021-12-06 13:26:24,,T:/Unpredictability Video Coding Project/Montreal Videos/6008.mp4,1381.010,29.97,2000-01-01T00:00:00,2000-01-01T00:00:00,,,No focal subject,NotHoldingBaby,Mom Holding,,STATE,689.000,989.023,300.023,,
6008BECNR,2021-12-06 13:26:24,,T:/Unpredictability Video Coding Project/Montreal Videos/6008.mp4,1381.010,29.97,2000-01-01T00:00:00,2000-01-01T00:00:00,,,No focal subject,NoObjectInHand,Mom Manipulation,,STATE,689.000,750.421,61.421,,
6008BECNR,2021-12-06 13:26:24,,T:/Unpredictability Video Coding Project/Montreal Videos/6008.mp4,1381.010,29.97,2000-01-01T00:00:00,2000-01-01T00:00:00,,,No focal subject,NotLookAtMomActivity,Baby Looking,,STATE,689.000,749.798,60.798,,
6008BECNR,2021-12-06 13:26:24,,T:/Unpredictability Video Coding Project/Montreal Videos/6008.mp4,1381.010,29.97,2000-01-01T00:00:00,2000-01-01T00:00:00,,,No focal subject,Start,Test behavior,,POINT,689.000,689.000,NA,,
6008BECNR,2021-12-06 13:26:24,,T:/Unpredictability Video Coding Project/Montreal Videos/6008.mp4,1381.010,29.97,2000-01-01T00:00:00,2000-01-01T00:00:00,,,No focal subject,positive,Affect,,STATE,689.000,692.419,3.419,,
6008BECNR,2021-12-06 13:26:24,,T:/Unpredictability Video Coding Project/Montreal Videos/6008.mp4,1381.010,29.97,2000-01-01T00:00:00,2000-01-01T00:00:00,,,No focal subject,Neither,Behavior,,STATE,689.000,698.511,9.511,,
6008BECNR,2021-12-06 13:26:24,,T:/Unpredictability Video Coding Project/Montreal Videos/6008.mp4,1381.010,29.97,2000-01-01T00:00:00,2000-01-01T00:00:00,,,No focal subject,neutral,Affect,,STATE,692.420,693.511,1.091,,
6008BECNR,2021-12-06 13:26:24,,T:/Unpredictability Video Coding Project/Montreal Videos/6008.mp4,1381.010,29.97,2000-01-01T00:00:00,2000-01-01T00:00:00,,,No focal subject,Vocal,Vocal,,POINT,692.652,692.652,NA,,
6008BECNR,2021-12-06 13:26:24,,T:/Unpredictability Video Coding Project/Montreal Videos/6008.mp4,1381.010,29.97,2000-01-01T00:00:00,2000-01-01T00:00:00,,,No focal subject,positive,Affect,,STATE,693.512,708.009,14.497,,
6008BECNR,2021-12-06 13:26:24,,T:/Unpredictability Video Coding Project/Montreal Videos/6008.mp4,1381.010,29.97,2000-01-01T00:00:00,2000-01-01T00:00:00,,,No focal subject,Vocal,Vocal,,POINT,697.244,697.244,NA,,
6008BECNR,2021-12-06 13:26:24,,T:/Unpredictability Video Coding Project/Montreal Videos/6008.mp4,1381.010,29.97,2000-01-01T00:00:00,2000-01-01T00:00:00,,,No focal subject,AutonomySupport,Behavior,,STATE,698.512,716.945,18.433,,
6008BECNR,2021-12-06 13:26:24,,T:/Unpredictability Video Coding Project/Montreal Videos/6008.mp4,1381.010,29.97,2000-01-01T00:00:00,2000-01-01T00:00:00,,,No focal subject,Vocal,Vocal,,POINT,698.743,698.743,NA,,
6008BECNR,2021-12-06 13:26:24,,T:/Unpredictability Video Coding Project/Montreal Videos/6008.mp4,1381.010,29.97,2000-01-01T00:00:00,2000-01-01T00:00:00,,,No focal subject,Vocal,Vocal,,POINT,700.244,700.244,NA,,
6008BECNR,2021-12-06 13:26:24,,T:/Unpredictability Video Coding Project/Montreal Videos/6008.mp4,1381.010,29.97,2000-01-01T00:00:00,2000-01-01T00:00:00,,,No focal subject,Vocal,Vocal,,POINT,701.744,701.744,NA,,
6008BECNR,2021-12-06 13:26:24,,T:/Unpredictability Video Coding Project/Montreal Videos/6008.mp4,1381.010,29.97,2000-01-01T00:00:00,2000-01-01T00:00:00,,,No focal subject,Vocal,Vocal,,POINT,703.746,703.746,NA,,
6008BECNR,2021-12-06 13:26:24,,T:/Unpredictability Video Coding Project/Montreal Videos/6008.mp4,1381.010,29.97,2000-01-01T00:00:00,2000-01-01T00:00:00,,,No focal subject,Vocal,Vocal,,POINT,704.994,704.994,NA,,
6008BECNR,2021-12-06 13:26:24,,T:/Unpredictability Video Coding Project/Montreal Videos/6008.mp4,1381.010,29.97,2000-01-01T00:00:00,2000-01-01T00:00:00,,,No focal subject,Vocal,Vocal,,POINT,706.338,706.338,NA,,
6008BECNR,2021-12-06 13:26:24,,T:/Unpredictability Video Coding Project/Montreal Videos/6008.mp4,1381.010,29.97,2000-01-01T00:00:00,2000-01-01T00:00:00,,,No focal subject,Vocal,Vocal,,POINT,707.336,707.336,NA,,
6008BECNR,2021-12-06 13:26:24,,T:/Unpredictability Video Coding Project/Montreal Videos/6008.mp4,1381.010,29.97,2000-01-01T00:00:00,2000-01-01T00:00:00,,,No focal subject,neutral,Affect,,STATE,708.010,712.195,4.185,,
6008BECNR,2021-12-06 13:26:24,,T:/Unpredictability Video Coding Project/Montreal Videos/6008.mp4,1381.010,29.97,2000-01-01T00:00:00,2000-01-01T00:00:00,,,No focal subject,Vocal,Vocal,,POINT,709.837,709.837,NA,,
6008BECNR,2021-12-06 13:26:24,,T:/Unpredictability Video Coding Project/Montreal Videos/6008.mp4,1381.010,29.97,2000-01-01T00:00:00,2000-01-01T00:00:00,,,No focal subject,positive,Affect,,STATE,712.196,717.195,4.999,,
6008BECNR,2021-12-06 13:26:24,,T:/Unpredictability Video Coding Project/Montreal Videos/6008.mp4,1381.010,29.97,2000-01-01T00:00:00,2000-01-01T00:00:00,,,No focal subject,Vocal,Vocal,,POINT,712.838,712.838,NA,,
6008BECNR,2021-12-06 13:26:24,,T:/Unpredictability Video Coding Project/Montreal Videos/6008.mp4,1381.010,29.97,2000-01-01T00:00:00,2000-01-01T00:00:00,,,No focal subject,Vocal,Vocal,,POINT,714.336,714.336,NA,,
6008BECNR,2021-12-06 13:26:24,,T:/Unpredictability Video Coding Project/Montreal Videos/6008.mp4,1381.010,29.97,2000-01-01T00:00:00,2000-01-01T00:00:00,,,No focal subject,Vocal,Vocal,,POINT,714.929,714.929,NA,,
6008BECNR,2021-12-06 13:26:24,,T:/Unpredictability Video Coding Project/Montreal Videos/6008.mp4,1381.010,29.97,2000-01-01T00:00:00,2000-01-01T00:00:00,,,No focal subject,Vocal,Vocal,,POINT,715.927,715.927,NA,,
6008BECNR,2021-12-06 13:26:24,,T:/Unpredictability Video Coding Project/Montreal Videos/6008.mp4,1381.010,29.97,2000-01-01T00:00:00,2000-01-01T00:00:00,,,No focal subject,Neither,Behavior,,STATE,716.946,721.038,4.092,,
6008BECNR,2021-12-06 13:26:24,,T:/Unpredictability Video Coding Project/Montreal Videos/6008.mp4,1381.010,29.97,2000-01-01T00:00:00,2000-01-01T00:00:00,,,No focal subject,neutral,Affect,,STATE,717.196,723.538,6.342,,
6008BECNR,2021-12-06 13:26:24,,T:/Unpredictability Video Coding Project/Montreal Videos/6008.mp4,1381.010,29.97,2000-01-01T00:00:00,2000-01-01T00:00:00,,,No focal subject,AutonomySupport,Behavior,,STATE,721.039,724.537,3.498,,
6008BECNR,2021-12-06 13:26:24,,T:/Unpredictability Video Coding Project/Montreal Videos/6008.mp4,1381.010,29.97,2000-01-01T00:00:00,2000-01-01T00:00:00,,,No focal subject,positive,Affect,,STATE,723.539,725.034,1.495,,
6008BECNR,2021-12-06 13:26:24,,T:/Unpredictability Video Coding Project/Montreal Videos/6008.mp4,1381.010,29.97,2000-01-01T00:00:00,2000-01-01T00:00:00,,,No focal subject,Vocal,Vocal,,POINT,724.428,724.428,NA,,
6008BECNR,2021-12-06 13:26:24,,T:/Unpredictability Video Coding Project/Montreal Videos/6008.mp4,1381.010,29.97,2000-01-01T00:00:00,2000-01-01T00:00:00,,,No focal subject,Neither,Behavior,,STATE,724.538,734.128,9.590,,
6008BECNR,2021-12-06 13:26:24,,T:/Unpredictability Video Coding Project/Montreal Videos/6008.mp4,1381.010,29.97,2000-01-01T00:00:00,2000-01-01T00:00:00,,,No focal subject,neutral,Affect,,STATE,725.035,729.034,3.999,,
6008BECNR,2021-12-06 13:26:24,,T:/Unpredictability Video Coding Project/Montreal Videos/6008.mp4,1381.010,29.97,2000-01-01T00:00:00,2000-01-01T00:00:00,,,No focal subject,positive,Affect,,STATE,729.035,731.379,2.344,,
6008BECNR,2021-12-06 13:26:24,,T:/Unpredictability Video Coding Project/Montreal Videos/6008.mp4,1381.010,29.97,2000-01-01T00:00:00,2000-01-01T00:00:00,,,No focal subject,Vocal,Vocal,,POINT,729.360,729.360,NA,,
6008BECNR,2021-12-06 13:26:24,,T:/Unpredictability Video Coding Project/Montreal Videos/6008.mp4,1381.010,29.97,2000-01-01T00:00:00,2000-01-01T00:00:00,,,No focal subject,neutral,Affect,,STATE,731.380,734.128,2.748,,
6008BECNR,2021-12-06 13:26:24,,T:/Unpredictability Video Coding Project/Montreal Videos/6008.mp4,1381.010,29.97,2000-01-01T00:00:00,2000-01-01T00:00:00,,,No focal subject,positive,Affect,,STATE,734.129,735.128,0.999,,
6008BECNR,2021-12-06 13:26:24,,T:/Unpredictability Video Coding Project/Montreal Videos/6008.mp4,1381.010,29.97,2000-01-01T00:00:00,2000-01-01T00:00:00,,,No focal subject,AutonomySupport,Behavior,,STATE,734.129,735.467,1.338,,
6008BECNR,2021-12-06 13:26:24,,T:/Unpredictability Video Coding Project/Montreal Videos/6008.mp4,1381.010,29.97,2000-01-01T00:00:00,2000-01-01T00:00:00,,,No focal subject,Vocal,Vocal,,POINT,734.610,734.610,NA,,
6008BECNR,2021-12-06 13:26:24,,T:/Unpredictability Video Coding Project/Montreal Videos/6008.mp4,1381.010,29.97,2000-01-01T00:00:00,2000-01-01T00:00:00,,,No focal subject,neutral,Affect,,STATE,735.129,742.618,7.489,,
6008BECNR,2021-12-06 13:26:24,,T:/Unpredictability Video Coding Project/Montreal Videos/6008.mp4,1381.010,29.97,2000-01-01T00:00:00,2000-01-01T00:00:00,,,No focal subject,Neither,Behavior,,STATE,735.468,742.471,7.003,,
6008BECNR,2021-12-06 13:26:24,,T:/Unpredictability Video Coding Project/Montreal Videos/6008.mp4,1381.010,29.97,2000-01-01T00:00:00,2000-01-01T00:00:00,,,No focal subject,Vocal,Vocal,,POINT,738.110,738.110,NA,,
6008BECNR,2021-12-06 13:26:24,,T:/Unpredictability Video Coding Project/Montreal Videos/6008.mp4,1381.010,29.97,2000-01-01T00:00:00,2000-01-01T00:00:00,,,No focal subject,Vocal,Vocal,,POINT,739.860,739.860,NA,,
6008BECNR,2021-12-06 13:26:24,,T:/Unpredictability Video Coding Project/Montreal Videos/6008.mp4,1381.010,29.97,2000-01-01T00:00:00,2000-01-01T00:00:00,,,No focal subject,Vocal,Vocal,,POINT,740.360,740.360,NA,,
6008BECNR,2021-12-06 13:26:24,,T:/Unpredictability Video Coding Project/Montreal Videos/6008.mp4,1381.010,29.97,2000-01-01T00:00:00,2000-01-01T00:00:00,,,No focal subject,AutonomySupport,Behavior,,STATE,742.472,745.312,2.840,,
6008BECNR,2021-12-06 13:26:24,,T:/Unpredictability Video Coding Project/Montreal Videos/6008.mp4,1381.010,29.97,2000-01-01T00:00:00,2000-01-01T00:00:00,,,No focal subject,positive,Affect,,STATE,742.619,745.060,2.441,,
6008BECNR,2021-12-06 13:26:24,,T:/Unpredictability Video Coding Project/Montreal Videos/6008.mp4,1381.010,29.97,2000-01-01T00:00:00,2000-01-01T00:00:00,,,No focal subject,Vocal,Vocal,,POINT,742.955,742.955,NA,,
6008BECNR,2021-12-06 13:26:24,,T:/Unpredictability Video Coding Project/Montreal Videos/6008.mp4,1381.010,29.97,2000-01-01T00:00:00,2000-01-01T00:00:00,,,No focal subject,Vocal,Vocal,,POINT,744.453,744.453,NA,,
6008BECNR,2021-12-06 13:26:24,,T:/Unpredictability Video Coding Project/Montreal Videos/6008.mp4,1381.010,29.97,2000-01-01T00:00:00,2000-01-01T00:00:00,,,No focal subject,neutral,Affect,,STATE,745.061,756.903,11.842,,
6008BECNR,2021-12-06 13:26:24,,T:/Unpredictability Video Coding Project/Montreal Videos/6008.mp4,1381.010,29.97,2000-01-01T00:00:00,2000-01-01T00:00:00,,,No focal subject,Neither,Behavior,,STATE,745.313,749.561,4.248,,
6008BECNR,2021-12-06 13:26:24,,T:/Unpredictability Video Coding Project/Montreal Videos/6008.mp4,1381.010,29.97,2000-01-01T00:00:00,2000-01-01T00:00:00,,,No focal subject,Intrusiveness,Behavior,,STATE,749.562,752.061,2.499,,
6008BECNR,2021-12-06 13:26:24,,T:/Unpredictability Video Coding Project/Montreal Videos/6008.mp4,1381.010,29.97,2000-01-01T00:00:00,2000-01-01T00:00:00,,,No focal subject,Vocal,Vocal,,POINT,749.704,749.704,NA,,
6008BECNR,2021-12-06 13:26:24,,T:/Unpredictability Video Coding Project/Montreal Videos/6008.mp4,1381.010,29.97,2000-01-01T00:00:00,2000-01-01T00:00:00,,,No focal subject,LookAtMomActivity,Baby Looking,,STATE,749.799,751.638,1.839,,
6008BECNR,2021-12-06 13:26:24,,T:/Unpredictability Video Coding Project/Montreal Videos/6008.mp4,1381.010,29.97,2000-01-01T00:00:00,2000-01-01T00:00:00,,,No focal subject,TouchBaby,Touch,,POINT,750.063,750.063,NA,,
6008BECNR,2021-12-06 13:26:24,,T:/Unpredictability Video Coding Project/Montreal Videos/6008.mp4,1381.010,29.97,2000-01-01T00:00:00,2000-01-01T00:00:00,,,No focal subject,ManipulatingObject,Mom Manipulation,,STATE,750.422,751.683,1.261,,
6008BECNR,2021-12-06 13:26:24,,T:/Unpredictability Video Coding Project/Montreal Videos/6008.mp4,1381.010,29.97,2000-01-01T00:00:00,2000-01-01T00:00:00,,,No focal subject,NotLookAtMomActivity,Baby Looking,,STATE,751.639,763.480,11.841,,
6008BECNR,2021-12-06 13:26:24,,T:/Unpredictability Video Coding Project/Montreal Videos/6008.mp4,1381.010,29.97,2000-01-01T00:00:00,2000-01-01T00:00:00,,,No focal subject,NoObjectInHand,Mom Manipulation,,STATE,751.684,763.937,12.253,,
6008BECNR,2021-12-06 13:26:24,,T:/Unpredictability Video Coding Project/Montreal Videos/6008.mp4,1381.010,29.97,2000-01-01T00:00:00,2000-01-01T00:00:00,,,No focal subject,Neither,Behavior,,STATE,752.062,756.405,4.343,,
6008BECNR,2021-12-06 13:26:24,,T:/Unpredictability Video Coding Project/Montreal Videos/6008.mp4,1381.010,29.97,2000-01-01T00:00:00,2000-01-01T00:00:00,,,No focal subject,Vocal,Vocal,,POINT,754.903,754.903,NA,,
6008BECNR,2021-12-06 13:26:24,,T:/Unpredictability Video Coding Project/Montreal Videos/6008.mp4,1381.010,29.97,2000-01-01T00:00:00,2000-01-01T00:00:00,,,No focal subject,AutonomySupport,Behavior,,STATE,756.406,779.430,23.024,,
6008BECNR,2021-12-06 13:26:24,,T:/Unpredictability Video Coding Project/Montreal Videos/6008.mp4,1381.010,29.97,2000-01-01T00:00:00,2000-01-01T00:00:00,,,No focal subject,positive,Affect,,STATE,756.904,757.904,1.000,,
6008BECNR,2021-12-06 13:26:24,,T:/Unpredictability Video Coding Project/Montreal Videos/6008.mp4,1381.010,29.97,2000-01-01T00:00:00,2000-01-01T00:00:00,,,No focal subject,Vocal,Vocal,,POINT,757.202,757.202,NA,,
6008BECNR,2021-12-06 13:26:24,,T:/Unpredictability Video Coding Project/Montreal Videos/6008.mp4,1381.010,29.97,2000-01-01T00:00:00,2000-01-01T00:00:00,,,No focal subject,neutral,Affect,,STATE,757.905,767.246,9.341,,
6008BECNR,2021-12-06 13:26:24,,T:/Unpredictability Video Coding Project/Montreal Videos/6008.mp4,1381.010,29.97,2000-01-01T00:00:00,2000-01-01T00:00:00,,,No focal subject,Vocal,Vocal,,POINT,757.956,757.956,NA,,
6008BECNR,2021-12-06 13:26:24,,T:/Unpredictability Video Coding Project/Montreal Videos/6008.mp4,1381.010,29.97,2000-01-01T00:00:00,2000-01-01T00:00:00,,,No focal subject,Vocal,Vocal,,POINT,759.388,759.388,NA,,
6008BECNR,2021-12-06 13:26:24,,T:/Unpredictability Video Coding Project/Montreal Videos/6008.mp4,1381.010,29.97,2000-01-01T00:00:00,2000-01-01T00:00:00,,,No focal subject,LookAtMomActivity,Baby Looking,,STATE,763.481,765.738,2.257,,
6008BECNR,2021-12-06 13:26:24,,T:/Unpredictability Video Coding Project/Montreal Videos/6008.mp4,1381.010,29.97,2000-01-01T00:00:00,2000-01-01T00:00:00,,,No focal subject,Vocal,Vocal,,POINT,763.635,763.635,NA,,
6008BECNR,2021-12-06 13:26:24,,T:/Unpredictability Video Coding Project/Montreal Videos/6008.mp4,1381.010,29.97,2000-01-01T00:00:00,2000-01-01T00:00:00,,,No focal subject,ManipulatingObject,Mom Manipulation,,STATE,763.938,776.462,12.524,,
6008BECNR,2021-12-06 13:26:24,,T:/Unpredictability Video Coding Project/Montreal Videos/6008.mp4,1381.010,29.97,2000-01-01T00:00:00,2000-01-01T00:00:00,,,No focal subject,Vocal,Vocal,,POINT,764.887,764.887,NA,,
6008BECNR,2021-12-06 13:26:24,,T:/Unpredictability Video Coding Project/Montreal Videos/6008.mp4,1381.010,29.97,2000-01-01T00:00:00,2000-01-01T00:00:00,,,No focal subject,NotLookAtMomActivity,Baby Looking,,STATE,765.739,781.162,15.423,,
6008BECNR,2021-12-06 13:26:24,,T:/Unpredictability Video Coding Project/Montreal Videos/6008.mp4,1381.010,29.97,2000-01-01T00:00:00,2000-01-01T00:00:00,,,No focal subject,Vocal,Vocal,,POINT,765.886,765.886,NA,,
6008BECNR,2021-12-06 13:26:24,,T:/Unpredictability Video Coding Project/Montreal Videos/6008.mp4,1381.010,29.97,2000-01-01T00:00:00,2000-01-01T00:00:00,,,No focal subject,positive,Affect,,STATE,767.247,769.586,2.339,,
6008BECNR,2021-12-06 13:26:24,,T:/Unpredictability Video Coding Project/Montreal Videos/6008.mp4,1381.010,29.97,2000-01-01T00:00:00,2000-01-01T00:00:00,,,No focal subject,Vocal,Vocal,,POINT,767.887,767.887,NA,,
6008BECNR,2021-12-06 13:26:24,,T:/Unpredictability Video Coding Project/Montreal Videos/6008.mp4,1381.010,29.97,2000-01-01T00:00:00,2000-01-01T00:00:00,,,No focal subject,Vocal,Vocal,,POINT,769.385,769.385,NA,,
6008BECNR,2021-12-06 13:26:24,,T:/Unpredictability Video Coding Project/Montreal Videos/6008.mp4,1381.010,29.97,2000-01-01T00:00:00,2000-01-01T00:00:00,,,No focal subject,neutral,Affect,,STATE,769.587,771.088,1.501,,
6008BECNR,2021-12-06 13:26:24,,T:/Unpredictability Video Coding Project/Montreal Videos/6008.mp4,1381.010,29.97,2000-01-01T00:00:00,2000-01-01T00:00:00,,,No focal subject,positive,Affect,,STATE,771.089,772.587,1.498,,
6008BECNR,2021-12-06 13:26:24,,T:/Unpredictability Video Coding Project/Montreal Videos/6008.mp4,1381.010,29.97,2000-01-01T00:00:00,2000-01-01T00:00:00,,,No focal subject,Vocal,Vocal,,POINT,771.889,771.889,NA,,
6008BECNR,2021-12-06 13:26:24,,T:/Unpredictability Video Coding Project/Montreal Videos/6008.mp4,1381.010,29.97,2000-01-01T00:00:00,2000-01-01T00:00:00,,,No focal subject,neutral,Affect,,STATE,772.588,775.336,2.748,,
6008BECNR,2021-12-06 13:26:24,,T:/Unpredictability Video Coding Project/Montreal Videos/6008.mp4,1381.010,29.97,2000-01-01T00:00:00,2000-01-01T00:00:00,,,No focal subject,Vocal,Vocal,,POINT,774.137,774.137,NA,,
6008BECNR,2021-12-06 13:26:24,,T:/Unpredictability Video Coding Project/Montreal Videos/6008.mp4,1381.010,29.97,2000-01-01T00:00:00,2000-01-01T00:00:00,,,No focal subject,positive,Affect,,STATE,775.337,778.587,3.250,,
6008BECNR,2021-12-06 13:26:24,,T:/Unpredictability Video Coding Project/Montreal Videos/6008.mp4,1381.010,29.97,2000-01-01T00:00:00,2000-01-01T00:00:00,,,No focal subject,Vocal,Vocal,,POINT,775.887,775.887,NA,,
6008BECNR,2021-12-06 13:26:24,,T:/Unpredictability Video Coding Project/Montreal Videos/6008.mp4,1381.010,29.97,2000-01-01T00:00:00,2000-01-01T00:00:00,,,No focal subject,NoObjectInHand,Mom Manipulation,,STATE,776.463,780.555,4.092,,
6008BECNR,2021-12-06 13:26:24,,T:/Unpredictability Video Coding Project/Montreal Videos/6008.mp4,1381.010,29.97,2000-01-01T00:00:00,2000-01-01T00:00:00,,,No focal subject,Vocal,Vocal,,POINT,777.386,777.386,NA,,
6008BECNR,2021-12-06 13:26:24,,T:/Unpredictability Video Coding Project/Montreal Videos/6008.mp4,1381.010,29.97,2000-01-01T00:00:00,2000-01-01T00:00:00,,,No focal subject,Vocal,Vocal,,POINT,777.887,777.887,NA,,
6008BECNR,2021-12-06 13:26:24,,T:/Unpredictability Video Coding Project/Montreal Videos/6008.mp4,1381.010,29.97,2000-01-01T00:00:00,2000-01-01T00:00:00,,,No focal subject,Vocal,Vocal,,POINT,778.163,778.163,NA,,
6008BECNR,2021-12-06 13:26:24,,T:/Unpredictability Video Coding Project/Montreal Videos/6008.mp4,1381.010,29.97,2000-01-01T00:00:00,2000-01-01T00:00:00,,,No focal subject,Vocal,Vocal,,POINT,778.385,778.385,NA,,
6008BECNR,2021-12-06 13:26:24,,T:/Unpredictability Video Coding Project/Montreal Videos/6008.mp4,1381.010,29.97,2000-01-01T00:00:00,2000-01-01T00:00:00,,,No focal subject,neutral,Affect,,STATE,778.588,783.429,4.841,,
6008BECNR,2021-12-06 13:26:24,,T:/Unpredictability Video Coding Project/Montreal Videos/6008.mp4,1381.010,29.97,2000-01-01T00:00:00,2000-01-01T00:00:00,,,No focal subject,Intrusiveness,Behavior,,STATE,779.431,782.930,3.499,,
6008BECNR,2021-12-06 13:26:24,,T:/Unpredictability Video Coding Project/Montreal Videos/6008.mp4,1381.010,29.97,2000-01-01T00:00:00,2000-01-01T00:00:00,,,No focal subject,ManipulatingObject,Mom Manipulation,,STATE,780.556,781.801,1.245,,
6008BECNR,2021-12-06 13:26:24,,T:/Unpredictability Video Coding Project/Montreal Videos/6008.mp4,1381.010,29.97,2000-01-01T00:00:00,2000-01-01T00:00:00,,,No focal subject,Vocal,Vocal,,POINT,780.912,780.912,NA,,
6008BECNR,2021-12-06 13:26:24,,T:/Unpredictability Video Coding Project/Montreal Videos/6008.mp4,1381.010,29.97,2000-01-01T00:00:00,2000-01-01T00:00:00,,,No focal subject,LookAtMomActivity,Baby Looking,,STATE,781.163,782.163,1.000,,
6008BECNR,2021-12-06 13:26:24,,T:/Unpredictability Video Coding Project/Montreal Videos/6008.mp4,1381.010,29.97,2000-01-01T00:00:00,2000-01-01T00:00:00,,,No focal subject,NoObjectInHand,Mom Manipulation,,STATE,781.802,789.641,7.839,,
6008BECNR,2021-12-06 13:26:24,,T:/Unpredictability Video Coding Project/Montreal Videos/6008.mp4,1381.010,29.97,2000-01-01T00:00:00,2000-01-01T00:00:00,,,No focal subject,NotLookAtMomActivity,Baby Looking,,STATE,782.164,790.252,8.088,,
6008BECNR,2021-12-06 13:26:24,,T:/Unpredictability Video Coding Project/Montreal Videos/6008.mp4,1381.010,29.97,2000-01-01T00:00:00,2000-01-01T00:00:00,,,No focal subject,Neither,Behavior,,STATE,782.931,789.021,6.090,,
6008BECNR,2021-12-06 13:26:24,,T:/Unpredictability Video Coding Project/Montreal Videos/6008.mp4,1381.010,29.97,2000-01-01T00:00:00,2000-01-01T00:00:00,,,No focal subject,positive,Affect,,STATE,783.430,785.927,2.497,,
6008BECNR,2021-12-06 13:26:24,,T:/Unpredictability Video Coding Project/Montreal Videos/6008.mp4,1381.010,29.97,2000-01-01T00:00:00,2000-01-01T00:00:00,,,No focal subject,Vocal,Vocal,,POINT,783.915,783.915,NA,,
6008BECNR,2021-12-06 13:26:24,,T:/Unpredictability Video Coding Project/Montreal Videos/6008.mp4,1381.010,29.97,2000-01-01T00:00:00,2000-01-01T00:00:00,,,No focal subject,neutral,Affect,,STATE,785.928,789.771,3.843,,
6008BECNR,2021-12-06 13:26:24,,T:/Unpredictability Video Coding Project/Montreal Videos/6008.mp4,1381.010,29.97,2000-01-01T00:00:00,2000-01-01T00:00:00,,,No focal subject,Intrusiveness,Behavior,,STATE,789.022,791.271,2.249,,
6008BECNR,2021-12-06 13:26:24,,T:/Unpredictability Video Coding Project/Montreal Videos/6008.mp4,1381.010,29.97,2000-01-01T00:00:00,2000-01-01T00:00:00,,,No focal subject,ManipulatingObject,Mom Manipulation,,STATE,789.642,816.664,27.022,,
6008BECNR,2021-12-06 13:26:24,,T:/Unpredictability Video Coding Project/Montreal Videos/6008.mp4,1381.010,29.97,2000-01-01T00:00:00,2000-01-01T00:00:00,,,No focal subject,positive,Affect,,STATE,789.772,792.519,2.747,,
6008BECNR,2021-12-06 13:26:24,,T:/Unpredictability Video Coding Project/Montreal Videos/6008.mp4,1381.010,29.97,2000-01-01T00:00:00,2000-01-01T00:00:00,,,No focal subject,Vocal,Vocal,,POINT,789.913,789.913,NA,,
6008BECNR,2021-12-06 13:26:24,,T:/Unpredictability Video Coding Project/Montreal Videos/6008.mp4,1381.010,29.97,2000-01-01T00:00:00,2000-01-01T00:00:00,,,No focal subject,LookAtMomActivity,Baby Looking,,STATE,790.253,792.003,1.750,,
6008BECNR,2021-12-06 13:26:24,,T:/Unpredictability Video Coding Project/Montreal Videos/6008.mp4,1381.010,29.97,2000-01-01T00:00:00,2000-01-01T00:00:00,,,No focal subject,Neither,Behavior,,STATE,791.272,794.111,2.839,,
6008BECNR,2021-12-06 13:26:24,,T:/Unpredictability Video Coding Project/Montreal Videos/6008.mp4,1381.010,29.97,2000-01-01T00:00:00,2000-01-01T00:00:00,,,No focal subject,NotLookAtMomActivity,Baby Looking,,STATE,792.004,797.597,5.593,,
6008BECNR,2021-12-06 13:26:24,,T:/Unpredictability Video Coding Project/Montreal Videos/6008.mp4,1381.010,29.97,2000-01-01T00:00:00,2000-01-01T00:00:00,,,No focal subject,neutral,Affect,,STATE,792.520,805.009,12.489,,
6008BECNR,2021-12-06 13:26:24,,T:/Unpredictability Video Coding Project/Montreal Videos/6008.mp4,1381.010,29.97,2000-01-01T00:00:00,2000-01-01T00:00:00,,,No focal subject,Intrusiveness,Behavior,,STATE,794.112,795.862,1.750,,
6008BECNR,2021-12-06 13:26:24,,T:/Unpredictability Video Coding Project/Montreal Videos/6008.mp4,1381.010,29.97,2000-01-01T00:00:00,2000-01-01T00:00:00,,,No focal subject,Neither,Behavior,,STATE,795.863,799.361,3.498,,
6008BECNR,2021-12-06 13:26:24,,T:/Unpredictability Video Coding Project/Montreal Videos/6008.mp4,1381.010,29.97,2000-01-01T00:00:00,2000-01-01T00:00:00,,,No focal subject,LookAtMomActivity,Baby Looking,,STATE,797.598,806.938,9.340,,
6008BECNR,2021-12-06 13:26:24,,T:/Unpredictability Video Coding Project/Montreal Videos/6008.mp4,1381.010,29.97,2000-01-01T00:00:00,2000-01-01T00:00:00,,,No focal subject,Vocal,Vocal,,POINT,797.911,797.911,NA,,
6008BECNR,2021-12-06 13:26:24,,T:/Unpredictability Video Coding Project/Montreal Videos/6008.mp4,1381.010,29.97,2000-01-01T00:00:00,2000-01-01T00:00:00,,,No focal subject,Intrusiveness,Behavior,,STATE,799.362,816.793,17.431,,
6008BECNR,2021-12-06 13:26:24,,T:/Unpredictability Video Coding Project/Montreal Videos/6008.mp4,1381.010,29.97,2000-01-01T00:00:00,2000-01-01T00:00:00,,,No focal subject,Vocal,Vocal,,POINT,800.345,800.345,NA,,
6008BECNR,2021-12-06 13:26:24,,T:/Unpredictability Video Coding Project/Montreal Videos/6008.mp4,1381.010,29.97,2000-01-01T00:00:00,2000-01-01T00:00:00,,,No focal subject,Vocal,Vocal,,POINT,800.844,800.844,NA,,
6008BECNR,2021-12-06 13:26:24,,T:/Unpredictability Video Coding Project/Montreal Videos/6008.mp4,1381.010,29.97,2000-01-01T00:00:00,2000-01-01T00:00:00,,,No focal subject,Vocal,Vocal,,POINT,801.846,801.846,NA,,
6008BECNR,2021-12-06 13:26:24,,T:/Unpredictability Video Coding Project/Montreal Videos/6008.mp4,1381.010,29.97,2000-01-01T00:00:00,2000-01-01T00:00:00,,,No focal subject,Vocal,Vocal,,POINT,803.154,803.154,NA,,
6008BECNR,2021-12-06 13:26:24,,T:/Unpredictability Video Coding Project/Montreal Videos/6008.mp4,1381.010,29.97,2000-01-01T00:00:00,2000-01-01T00:00:00,,,No focal subject,positive,Affect,,STATE,805.010,807.208,2.198,,
6008BECNR,2021-12-06 13:26:24,,T:/Unpredictability Video Coding Project/Montreal Videos/6008.mp4,1381.010,29.97,2000-01-01T00:00:00,2000-01-01T00:00:00,,,No focal subject,Vocal,Vocal,,POINT,805.687,805.687,NA,,
6008BECNR,2021-12-06 13:26:24,,T:/Unpredictability Video Coding Project/Montreal Videos/6008.mp4,1381.010,29.97,2000-01-01T00:00:00,2000-01-01T00:00:00,,,No focal subject,NotLookAtMomActivity,Baby Looking,,STATE,806.939,814.688,7.749,,
6008BECNR,2021-12-06 13:26:24,,T:/Unpredictability Video Coding Project/Montreal Videos/6008.mp4,1381.010,29.97,2000-01-01T00:00:00,2000-01-01T00:00:00,,,No focal subject,neutral,Affect,,STATE,807.209,813.795,6.586,,
6008BECNR,2021-12-06 13:26:24,,T:/Unpredictability Video Coding Project/Montreal Videos/6008.mp4,1381.010,29.97,2000-01-01T00:00:00,2000-01-01T00:00:00,,,No focal subject,Vocal,Vocal,,POINT,810.437,810.437,NA,,
6008BECNR,2021-12-06 13:26:24,,T:/Unpredictability Video Coding Project/Montreal Videos/6008.mp4,1381.010,29.97,2000-01-01T00:00:00,2000-01-01T00:00:00,,,No focal subject,Vocal,Vocal,,POINT,812.938,812.938,NA,,
6008BECNR,2021-12-06 13:26:24,,T:/Unpredictability Video Coding Project/Montreal Videos/6008.mp4,1381.010,29.97,2000-01-01T00:00:00,2000-01-01T00:00:00,,,No focal subject,positive,Affect,,STATE,813.796,815.793,1.997,,
6008BECNR,2021-12-06 13:26:24,,T:/Unpredictability Video Coding Project/Montreal Videos/6008.mp4,1381.010,29.97,2000-01-01T00:00:00,2000-01-01T00:00:00,,,No focal subject,Vocal,Vocal,,POINT,814.435,814.435,NA,,
6008BECNR,2021-12-06 13:26:24,,T:/Unpredictability Video Coding Project/Montreal Videos/6008.mp4,1381.010,29.97,2000-01-01T00:00:00,2000-01-01T00:00:00,,,No focal subject,LookAtMomActivity,Baby Looking,,STATE,814.689,816.938,2.249,,
6008BECNR,2021-12-06 13:26:24,,T:/Unpredictability Video Coding Project/Montreal Videos/6008.mp4,1381.010,29.97,2000-01-01T00:00:00,2000-01-01T00:00:00,,,No focal subject,Vocal,Vocal,,POINT,815.189,815.189,NA,,
6008BECNR,2021-12-06 13:26:24,,T:/Unpredictability Video Coding Project/Montreal Videos/6008.mp4,1381.010,29.97,2000-01-01T00:00:00,2000-01-01T00:00:00,,,No focal subject,neutral,Affect,,STATE,815.794,826.137,10.343,,
6008BECNR,2021-12-06 13:26:24,,T:/Unpredictability Video Coding Project/Montreal Videos/6008.mp4,1381.010,29.97,2000-01-01T00:00:00,2000-01-01T00:00:00,,,No focal subject,Vocal,Vocal,,POINT,816.438,816.438,NA,,
6008BECNR,2021-12-06 13:26:24,,T:/Unpredictability Video Coding Project/Montreal Videos/6008.mp4,1381.010,29.97,2000-01-01T00:00:00,2000-01-01T00:00:00,,,No focal subject,NoObjectInHand,Mom Manipulation,,STATE,816.665,818.917,2.252,,
6008BECNR,2021-12-06 13:26:24,,T:/Unpredictability Video Coding Project/Montreal Videos/6008.mp4,1381.010,29.97,2000-01-01T00:00:00,2000-01-01T00:00:00,,,No focal subject,Neither,Behavior,,STATE,816.794,818.637,1.843,,
6008BECNR,2021-12-06 13:26:24,,T:/Unpredictability Video Coding Project/Montreal Videos/6008.mp4,1381.010,29.97,2000-01-01T00:00:00,2000-01-01T00:00:00,,,No focal subject,NotLookAtMomActivity,Baby Looking,,STATE,816.939,822.622,5.683,,
6008BECNR,2021-12-06 13:26:24,,T:/Unpredictability Video Coding Project/Montreal Videos/6008.mp4,1381.010,29.97,2000-01-01T00:00:00,2000-01-01T00:00:00,,,No focal subject,Intrusiveness,Behavior,,STATE,818.638,830.980,12.342,,
6008BECNR,2021-12-06 13:26:24,,T:/Unpredictability Video Coding Project/Montreal Videos/6008.mp4,1381.010,29.97,2000-01-01T00:00:00,2000-01-01T00:00:00,,,No focal subject,ManipulatingObject,Mom Manipulation,,STATE,818.918,824.262,5.344,,
6008BECNR,2021-12-06 13:26:24,,T:/Unpredictability Video Coding Project/Montreal Videos/6008.mp4,1381.010,29.97,2000-01-01T00:00:00,2000-01-01T00:00:00,,,No focal subject,Vocal,Vocal,,POINT,819.030,819.030,NA,,
6008BECNR,2021-12-06 13:26:24,,T:/Unpredictability Video Coding Project/Montreal Videos/6008.mp4,1381.010,29.97,2000-01-01T00:00:00,2000-01-01T00:00:00,,,No focal subject,Vocal,Vocal,,POINT,820.280,820.280,NA,,
6008BECNR,2021-12-06 13:26:24,,T:/Unpredictability Video Coding Project/Montreal Videos/6008.mp4,1381.010,29.97,2000-01-01T00:00:00,2000-01-01T00:00:00,,,No focal subject,LookAtMomActivity,Baby Looking,,STATE,822.623,824.621,1.998,,
6008BECNR,2021-12-06 13:26:24,,T:/Unpredictability Video Coding Project/Montreal Videos/6008.mp4,1381.010,29.97,2000-01-01T00:00:00,2000-01-01T00:00:00,,,No focal subject,Vocal,Vocal,,POINT,823.777,823.777,NA,,
6008BECNR,2021-12-06 13:26:24,,T:/Unpredictability Video Coding Project/Montreal Videos/6008.mp4,1381.010,29.97,2000-01-01T00:00:00,2000-01-01T00:00:00,,,No focal subject,NoObjectInHand,Mom Manipulation,,STATE,824.263,826.757,2.494,,
6008BECNR,2021-12-06 13:26:24,,T:/Unpredictability Video Coding Project/Montreal Videos/6008.mp4,1381.010,29.97,2000-01-01T00:00:00,2000-01-01T00:00:00,,,No focal subject,Vocal,Vocal,,POINT,824.528,824.528,NA,,
6008BECNR,2021-12-06 13:26:24,,T:/Unpredictability Video Coding Project/Montreal Videos/6008.mp4,1381.010,29.97,2000-01-01T00:00:00,2000-01-01T00:00:00,,,No focal subject,NotLookAtMomActivity,Baby Looking,,STATE,824.622,827.372,2.750,,
6008BECNR,2021-12-06 13:26:24,,T:/Unpredictability Video Coding Project/Montreal Videos/6008.mp4,1381.010,29.97,2000-01-01T00:00:00,2000-01-01T00:00:00,,,No focal subject,positive,Affect,,STATE,826.138,828.728,2.590,,
6008BECNR,2021-12-06 13:26:24,,T:/Unpredictability Video Coding Project/Montreal Videos/6008.mp4,1381.010,29.97,2000-01-01T00:00:00,2000-01-01T00:00:00,,,No focal subject,Vocal,Vocal,,POINT,826.527,826.527,NA,,
6008BECNR,2021-12-06 13:26:24,,T:/Unpredictability Video Coding Project/Montreal Videos/6008.mp4,1381.010,29.97,2000-01-01T00:00:00,2000-01-01T00:00:00,,,No focal subject,ManipulatingObject,Mom Manipulation,,STATE,826.758,829.851,3.093,,
6008BECNR,2021-12-06 13:26:24,,T:/Unpredictability Video Coding Project/Montreal Videos/6008.mp4,1381.010,29.97,2000-01-01T00:00:00,2000-01-01T00:00:00,,,No focal subject,Vocal,Vocal,,POINT,827.278,827.278,NA,,
6008BECNR,2021-12-06 13:26:24,,T:/Unpredictability Video Coding Project/Montreal Videos/6008.mp4,1381.010,29.97,2000-01-01T00:00:00,2000-01-01T00:00:00,,,No focal subject,LookAtMomActivity,Baby Looking,,STATE,827.373,830.210,2.837,,
6008BECNR,2021-12-06 13:26:24,,T:/Unpredictability Video Coding Project/Montreal Videos/6008.mp4,1381.010,29.97,2000-01-01T00:00:00,2000-01-01T00:00:00,,,No focal subject,Vocal,Vocal,,POINT,828.030,828.030,NA,,
6008BECNR,2021-12-06 13:26:24,,T:/Unpredictability Video Coding Project/Montreal Videos/6008.mp4,1381.010,29.97,2000-01-01T00:00:00,2000-01-01T00:00:00,,,No focal subject,neutral,Affect,,STATE,828.729,840.070,11.341,,
6008BECNR,2021-12-06 13:26:24,,T:/Unpredictability Video Coding Project/Montreal Videos/6008.mp4,1381.010,29.97,2000-01-01T00:00:00,2000-01-01T00:00:00,,,No focal subject,NoObjectInHand,Mom Manipulation,,STATE,829.852,833.586,3.734,,
6008BECNR,2021-12-06 13:26:24,,T:/Unpredictability Video Coding Project/Montreal Videos/6008.mp4,1381.010,29.97,2000-01-01T00:00:00,2000-01-01T00:00:00,,,No focal subject,NotLookAtMomActivity,Baby Looking,,STATE,830.211,834.214,4.003,,
6008BECNR,2021-12-06 13:26:24,,T:/Unpredictability Video Coding Project/Montreal Videos/6008.mp4,1381.010,29.97,2000-01-01T00:00:00,2000-01-01T00:00:00,,,No focal subject,Vocal,Vocal,,POINT,830.779,830.779,NA,,
6008BECNR,2021-12-06 13:26:24,,T:/Unpredictability Video Coding Project/Montreal Videos/6008.mp4,1381.010,29.97,2000-01-01T00:00:00,2000-01-01T00:00:00,,,No focal subject,Neither,Behavior,,STATE,830.981,832.476,1.495,,
6008BECNR,2021-12-06 13:26:24,,T:/Unpredictability Video Coding Project/Montreal Videos/6008.mp4,1381.010,29.97,2000-01-01T00:00:00,2000-01-01T00:00:00,,,No focal subject,AutonomySupport,Behavior,,STATE,832.477,837.729,5.252,,
6008BECNR,2021-12-06 13:26:24,,T:/Unpredictability Video Coding Project/Montreal Videos/6008.mp4,1381.010,29.97,2000-01-01T00:00:00,2000-01-01T00:00:00,,,No focal subject,Vocal,Vocal,,POINT,833.030,833.030,NA,,
6008BECNR,2021-12-06 13:26:24,,T:/Unpredictability Video Coding Project/Montreal Videos/6008.mp4,1381.010,29.97,2000-01-01T00:00:00,2000-01-01T00:00:00,,,No focal subject,ManipulatingObject,Mom Manipulation,,STATE,833.587,836.177,2.590,,
6008BECNR,2021-12-06 13:26:24,,T:/Unpredictability Video Coding Project/Montreal Videos/6008.mp4,1381.010,29.97,2000-01-01T00:00:00,2000-01-01T00:00:00,,,No focal subject,LookAtMomActivity,Baby Looking,,STATE,834.215,836.555,2.340,,
6008BECNR,2021-12-06 13:26:24,,T:/Unpredictability Video Coding Project/Montreal Videos/6008.mp4,1381.010,29.97,2000-01-01T00:00:00,2000-01-01T00:00:00,,,No focal subject,Vocal,Vocal,,POINT,834.282,834.282,NA,,
6008BECNR,2021-12-06 13:26:24,,T:/Unpredictability Video Coding Project/Montreal Videos/6008.mp4,1381.010,29.97,2000-01-01T00:00:00,2000-01-01T00:00:00,,,No focal subject,Vocal,Vocal,,POINT,835.528,835.528,NA,,
6008BECNR,2021-12-06 13:26:24,,T:/Unpredictability Video Coding Project/Montreal Videos/6008.mp4,1381.010,29.97,2000-01-01T00:00:00,2000-01-01T00:00:00,,,No focal subject,NoObjectInHand,Mom Manipulation,,STATE,836.178,868.703,32.525,,
6008BECNR,2021-12-06 13:26:24,,T:/Unpredictability Video Coding Project/Montreal Videos/6008.mp4,1381.010,29.97,2000-01-01T00:00:00,2000-01-01T00:00:00,,,No focal subject,NotLookAtMomActivity,Baby Looking,,STATE,836.556,869.419,32.863,,
6008BECNR,2021-12-06 13:26:24,,T:/Unpredictability Video Coding Project/Montreal Videos/6008.mp4,1381.010,29.97,2000-01-01T00:00:00,2000-01-01T00:00:00,,,No focal subject,Neither,Behavior,,STATE,837.730,840.319,2.589,,
6008BECNR,2021-12-06 13:26:24,,T:/Unpredictability Video Coding Project/Montreal Videos/6008.mp4,1381.010,29.97,2000-01-01T00:00:00,2000-01-01T00:00:00,,,No focal subject,positive,Affect,,STATE,840.071,842.070,1.999,,
6008BECNR,2021-12-06 13:26:24,,T:/Unpredictability Video Coding Project/Montreal Videos/6008.mp4,1381.010,29.97,2000-01-01T00:00:00,2000-01-01T00:00:00,,,No focal subject,AutonomySupport,Behavior,,STATE,840.320,842.320,2.000,,
6008BECNR,2021-12-06 13:26:24,,T:/Unpredictability Video Coding Project/Montreal Videos/6008.mp4,1381.010,29.97,2000-01-01T00:00:00,2000-01-01T00:00:00,,,No focal subject,Vocal,Vocal,,POINT,840.780,840.780,NA,,
6008BECNR,2021-12-06 13:26:24,,T:/Unpredictability Video Coding Project/Montreal Videos/6008.mp4,1381.010,29.97,2000-01-01T00:00:00,2000-01-01T00:00:00,,,No focal subject,Vocal,Vocal,,POINT,841.277,841.277,NA,,
6008BECNR,2021-12-06 13:26:24,,T:/Unpredictability Video Coding Project/Montreal Videos/6008.mp4,1381.010,29.97,2000-01-01T00:00:00,2000-01-01T00:00:00,,,No focal subject,neutral,Affect,,STATE,842.071,844.162,2.091,,
6008BECNR,2021-12-06 13:26:24,,T:/Unpredictability Video Coding Project/Montreal Videos/6008.mp4,1381.010,29.97,2000-01-01T00:00:00,2000-01-01T00:00:00,,,No focal subject,Neither,Behavior,,STATE,842.321,844.570,2.249,,
6008BECNR,2021-12-06 13:26:24,,T:/Unpredictability Video Coding Project/Montreal Videos/6008.mp4,1381.010,29.97,2000-01-01T00:00:00,2000-01-01T00:00:00,,,No focal subject,positive,Affect,,STATE,844.163,846.913,2.750,,
6008BECNR,2021-12-06 13:26:24,,T:/Unpredictability Video Coding Project/Montreal Videos/6008.mp4,1381.010,29.97,2000-01-01T00:00:00,2000-01-01T00:00:00,,,No focal subject,AutonomySupport,Behavior,,STATE,844.571,849.411,4.840,,
6008BECNR,2021-12-06 13:26:24,,T:/Unpredictability Video Coding Project/Montreal Videos/6008.mp4,1381.010,29.97,2000-01-01T00:00:00,2000-01-01T00:00:00,,,No focal subject,Vocal,Vocal,,POINT,844.778,844.778,NA,,
6008BECNR,2021-12-06 13:26:24,,T:/Unpredictability Video Coding Project/Montreal Videos/6008.mp4,1381.010,29.97,2000-01-01T00:00:00,2000-01-01T00:00:00,,,No focal subject,Vocal,Vocal,,POINT,845.779,845.779,NA,,
6008BECNR,2021-12-06 13:26:24,,T:/Unpredictability Video Coding Project/Montreal Videos/6008.mp4,1381.010,29.97,2000-01-01T00:00:00,2000-01-01T00:00:00,,,No focal subject,neutral,Affect,,STATE,846.914,847.912,0.998,,
6008BECNR,2021-12-06 13:26:24,,T:/Unpredictability Video Coding Project/Montreal Videos/6008.mp4,1381.010,29.97,2000-01-01T00:00:00,2000-01-01T00:00:00,,,No focal subject,positive,Affect,,STATE,847.913,849.162,1.249,,
6008BECNR,2021-12-06 13:26:24,,T:/Unpredictability Video Coding Project/Montreal Videos/6008.mp4,1381.010,29.97,2000-01-01T00:00:00,2000-01-01T00:00:00,,,No focal subject,Vocal,Vocal,,POINT,848.159,848.159,NA,,
6008BECNR,2021-12-06 13:26:24,,T:/Unpredictability Video Coding Project/Montreal Videos/6008.mp4,1381.010,29.97,2000-01-01T00:00:00,2000-01-01T00:00:00,,,No focal subject,neutral,Affect,,STATE,849.163,857.250,8.087,,
6008BECNR,2021-12-06 13:26:24,,T:/Unpredictability Video Coding Project/Montreal Videos/6008.mp4,1381.010,29.97,2000-01-01T00:00:00,2000-01-01T00:00:00,,,No focal subject,Neither,Behavior,,STATE,849.412,864.094,14.682,,
6008BECNR,2021-12-06 13:26:24,,T:/Unpredictability Video Coding Project/Montreal Videos/6008.mp4,1381.010,29.97,2000-01-01T00:00:00,2000-01-01T00:00:00,,,No focal subject,Vocal,Vocal,,POINT,852.145,852.145,NA,,
6008BECNR,2021-12-06 13:26:24,,T:/Unpredictability Video Coding Project/Montreal Videos/6008.mp4,1381.010,29.97,2000-01-01T00:00:00,2000-01-01T00:00:00,,,No focal subject,Vocal,Vocal,,POINT,856.395,856.395,NA,,
6008BECNR,2021-12-06 13:26:24,,T:/Unpredictability Video Coding Project/Montreal Videos/6008.mp4,1381.010,29.97,2000-01-01T00:00:00,2000-01-01T00:00:00,,,No focal subject,positive,Affect,,STATE,857.251,861.594,4.343,,
6008BECNR,2021-12-06 13:26:24,,T:/Unpredictability Video Coding Project/Montreal Videos/6008.mp4,1381.010,29.97,2000-01-01T00:00:00,2000-01-01T00:00:00,,,No focal subject,Vocal,Vocal,,POINT,857.894,857.894,NA,,
6008BECNR,2021-12-06 13:26:24,,T:/Unpredictability Video Coding Project/Montreal Videos/6008.mp4,1381.010,29.97,2000-01-01T00:00:00,2000-01-01T00:00:00,,,No focal subject,Vocal,Vocal,,POINT,859.895,859.895,NA,,
6008BECNR,2021-12-06 13:26:24,,T:/Unpredictability Video Coding Project/Montreal Videos/6008.mp4,1381.010,29.97,2000-01-01T00:00:00,2000-01-01T00:00:00,,,No focal subject,Vocal,Vocal,,POINT,860.144,860.144,NA,,
6008BECNR,2021-12-06 13:26:24,,T:/Unpredictability Video Coding Project/Montreal Videos/6008.mp4,1381.010,29.97,2000-01-01T00:00:00,2000-01-01T00:00:00,,,No focal subject,Vocal,Vocal,,POINT,861.144,861.144,NA,,
6008BECNR,2021-12-06 13:26:24,,T:/Unpredictability Video Coding Project/Montreal Videos/6008.mp4,1381.010,29.97,2000-01-01T00:00:00,2000-01-01T00:00:00,,,No focal subject,neutral,Affect,,STATE,861.595,875.937,14.342,,
6008BECNR,2021-12-06 13:26:24,,T:/Unpredictability Video Coding Project/Montreal Videos/6008.mp4,1381.010,29.97,2000-01-01T00:00:00,2000-01-01T00:00:00,,,No focal subject,AutonomySupport,Behavior,,STATE,864.095,871.847,7.752,,
6008BECNR,2021-12-06 13:26:24,,T:/Unpredictability Video Coding Project/Montreal Videos/6008.mp4,1381.010,29.97,2000-01-01T00:00:00,2000-01-01T00:00:00,,,No focal subject,Vocal,Vocal,,POINT,864.144,864.144,NA,,
6008BECNR,2021-12-06 13:26:24,,T:/Unpredictability Video Coding Project/Montreal Videos/6008.mp4,1381.010,29.97,2000-01-01T00:00:00,2000-01-01T00:00:00,,,No focal subject,ManipulatingObject,Mom Manipulation,,STATE,868.704,870.296,1.592,,
6008BECNR,2021-12-06 13:26:24,,T:/Unpredictability Video Coding Project/Montreal Videos/6008.mp4,1381.010,29.97,2000-01-01T00:00:00,2000-01-01T00:00:00,,,No focal subject,Vocal,Vocal,,POINT,869.395,869.395,NA,,
6008BECNR,2021-12-06 13:26:24,,T:/Unpredictability Video Coding Project/Montreal Videos/6008.mp4,1381.010,29.97,2000-01-01T00:00:00,2000-01-01T00:00:00,,,No focal subject,LookAtMomActivity,Baby Looking,,STATE,869.420,878.259,8.839,,
6008BECNR,2021-12-06 13:26:24,,T:/Unpredictability Video Coding Project/Montreal Videos/6008.mp4,1381.010,29.97,2000-01-01T00:00:00,2000-01-01T00:00:00,,,No focal subject,NoObjectInHand,Mom Manipulation,,STATE,870.297,886.543,16.246,,
6008BECNR,2021-12-06 13:26:24,,T:/Unpredictability Video Coding Project/Montreal Videos/6008.mp4,1381.010,29.97,2000-01-01T00:00:00,2000-01-01T00:00:00,,,No focal subject,Vocal,Vocal,,POINT,871.144,871.144,NA,,
6008BECNR,2021-12-06 13:26:24,,T:/Unpredictability Video Coding Project/Montreal Videos/6008.mp4,1381.010,29.97,2000-01-01T00:00:00,2000-01-01T00:00:00,,,No focal subject,Neither,Behavior,,STATE,871.848,875.186,3.338,,
6008BECNR,2021-12-06 13:26:24,,T:/Unpredictability Video Coding Project/Montreal Videos/6008.mp4,1381.010,29.97,2000-01-01T00:00:00,2000-01-01T00:00:00,,,No focal subject,Vocal,Vocal,,POINT,871.921,871.921,NA,,
6008BECNR,2021-12-06 13:26:24,,T:/Unpredictability Video Coding Project/Montreal Videos/6008.mp4,1381.010,29.97,2000-01-01T00:00:00,2000-01-01T00:00:00,,,No focal subject,AutonomySupport,Behavior,,STATE,875.187,876.437,1.250,,
6008BECNR,2021-12-06 13:26:24,,T:/Unpredictability Video Coding Project/Montreal Videos/6008.mp4,1381.010,29.97,2000-01-01T00:00:00,2000-01-01T00:00:00,,,No focal subject,Vocal,Vocal,,POINT,875.422,875.422,NA,,
6008BECNR,2021-12-06 13:26:24,,T:/Unpredictability Video Coding Project/Montreal Videos/6008.mp4,1381.010,29.97,2000-01-01T00:00:00,2000-01-01T00:00:00,,,No focal subject,negative,Affect,,STATE,875.938,878.438,2.500,,
6008BECNR,2021-12-06 13:26:24,,T:/Unpredictability Video Coding Project/Montreal Videos/6008.mp4,1381.010,29.97,2000-01-01T00:00:00,2000-01-01T00:00:00,,,No focal subject,Vocal,Vocal,,POINT,876.169,876.169,NA,,
6008BECNR,2021-12-06 13:26:24,,T:/Unpredictability Video Coding Project/Montreal Videos/6008.mp4,1381.010,29.97,2000-01-01T00:00:00,2000-01-01T00:00:00,,,No focal subject,Intrusiveness,Behavior,,STATE,876.438,878.279,1.841,,
6008BECNR,2021-12-06 13:26:24,,T:/Unpredictability Video Coding Project/Montreal Videos/6008.mp4,1381.010,29.97,2000-01-01T00:00:00,2000-01-01T00:00:00,,,No focal subject,NotLookAtMomActivity,Baby Looking,,STATE,878.260,897.447,19.187,,
6008BECNR,2021-12-06 13:26:24,,T:/Unpredictability Video Coding Project/Montreal Videos/6008.mp4,1381.010,29.97,2000-01-01T00:00:00,2000-01-01T00:00:00,,,No focal subject,Neither,Behavior,,STATE,878.280,880.780,2.500,,
6008BECNR,2021-12-06 13:26:24,,T:/Unpredictability Video Coding Project/Montreal Videos/6008.mp4,1381.010,29.97,2000-01-01T00:00:00,2000-01-01T00:00:00,,,No focal subject,neutral,Affect,,STATE,878.439,883.526,5.087,,
6008BECNR,2021-12-06 13:26:24,,T:/Unpredictability Video Coding Project/Montreal Videos/6008.mp4,1381.010,29.97,2000-01-01T00:00:00,2000-01-01T00:00:00,,,No focal subject,Vocal,Vocal,,POINT,879.420,879.420,NA,,
6008BECNR,2021-12-06 13:26:24,,T:/Unpredictability Video Coding Project/Montreal Videos/6008.mp4,1381.010,29.97,2000-01-01T00:00:00,2000-01-01T00:00:00,,,No focal subject,AutonomySupport,Behavior,,STATE,880.781,884.530,3.749,,
6008BECNR,2021-12-06 13:26:24,,T:/Unpredictability Video Coding Project/Montreal Videos/6008.mp4,1381.010,29.97,2000-01-01T00:00:00,2000-01-01T00:00:00,,,No focal subject,Vocal,Vocal,,POINT,881.170,881.170,NA,,
6008BECNR,2021-12-06 13:26:24,,T:/Unpredictability Video Coding Project/Montreal Videos/6008.mp4,1381.010,29.97,2000-01-01T00:00:00,2000-01-01T00:00:00,,,No focal subject,positive,Affect,,STATE,883.527,885.025,1.498,,
6008BECNR,2021-12-06 13:26:24,,T:/Unpredictability Video Coding Project/Montreal Videos/6008.mp4,1381.010,29.97,2000-01-01T00:00:00,2000-01-01T00:00:00,,,No focal subject,Vocal,Vocal,,POINT,883.920,883.920,NA,,
6008BECNR,2021-12-06 13:26:24,,T:/Unpredictability Video Coding Project/Montreal Videos/6008.mp4,1381.010,29.97,2000-01-01T00:00:00,2000-01-01T00:00:00,,,No focal subject,Neither,Behavior,,STATE,884.531,886.870,2.339,,
6008BECNR,2021-12-06 13:26:24,,T:/Unpredictability Video Coding Project/Montreal Videos/6008.mp4,1381.010,29.97,2000-01-01T00:00:00,2000-01-01T00:00:00,,,No focal subject,neutral,Affect,,STATE,885.026,888.869,3.843,,
6008BECNR,2021-12-06 13:26:24,,T:/Unpredictability Video Coding Project/Montreal Videos/6008.mp4,1381.010,29.97,2000-01-01T00:00:00,2000-01-01T00:00:00,,,No focal subject,ManipulatingObject,Mom Manipulation,,STATE,886.544,889.230,2.686,,
6008BECNR,2021-12-06 13:26:24,,T:/Unpredictability Video Coding Project/Montreal Videos/6008.mp4,1381.010,29.97,2000-01-01T00:00:00,2000-01-01T00:00:00,,,No focal subject,AutonomySupport,Behavior,,STATE,886.871,890.119,3.248,,
6008BECNR,2021-12-06 13:26:24,,T:/Unpredictability Video Coding Project/Montreal Videos/6008.mp4,1381.010,29.97,2000-01-01T00:00:00,2000-01-01T00:00:00,,,No focal subject,positive,Affect,,STATE,888.870,889.868,0.998,,
6008BECNR,2021-12-06 13:26:24,,T:/Unpredictability Video Coding Project/Montreal Videos/6008.mp4,1381.010,29.97,2000-01-01T00:00:00,2000-01-01T00:00:00,,,No focal subject,NoObjectInHand,Mom Manipulation,,STATE,889.231,903.476,14.245,,
6008BECNR,2021-12-06 13:26:24,,T:/Unpredictability Video Coding Project/Montreal Videos/6008.mp4,1381.010,29.97,2000-01-01T00:00:00,2000-01-01T00:00:00,,,No focal subject,neutral,Affect,,STATE,889.869,898.211,8.342,,
6008BECNR,2021-12-06 13:26:24,,T:/Unpredictability Video Coding Project/Montreal Videos/6008.mp4,1381.010,29.97,2000-01-01T00:00:00,2000-01-01T00:00:00,,,No focal subject,Vocal,Vocal,,POINT,889.919,889.919,NA,,
6008BECNR,2021-12-06 13:26:24,,T:/Unpredictability Video Coding Project/Montreal Videos/6008.mp4,1381.010,29.97,2000-01-01T00:00:00,2000-01-01T00:00:00,,,No focal subject,Neither,Behavior,,STATE,890.120,928.328,38.208,,
6008BECNR,2021-12-06 13:26:24,,T:/Unpredictability Video Coding Project/Montreal Videos/6008.mp4,1381.010,29.97,2000-01-01T00:00:00,2000-01-01T00:00:00,,,No focal subject,Vocal,Vocal,,POINT,895.171,895.171,NA,,
6008BECNR,2021-12-06 13:26:24,,T:/Unpredictability Video Coding Project/Montreal Videos/6008.mp4,1381.010,29.97,2000-01-01T00:00:00,2000-01-01T00:00:00,,,No focal subject,LookAtMomActivity,Baby Looking,,STATE,897.448,898.945,1.497,,
6008BECNR,2021-12-06 13:26:24,,T:/Unpredictability Video Coding Project/Montreal Videos/6008.mp4,1381.010,29.97,2000-01-01T00:00:00,2000-01-01T00:00:00,,,No focal subject,negative,Affect,,STATE,898.212,900.212,2.000,,
6008BECNR,2021-12-06 13:26:24,,T:/Unpredictability Video Coding Project/Montreal Videos/6008.mp4,1381.010,29.97,2000-01-01T00:00:00,2000-01-01T00:00:00,,,No focal subject,Vocal,Vocal,,POINT,898.671,898.671,NA,,
6008BECNR,2021-12-06 13:26:24,,T:/Unpredictability Video Coding Project/Montreal Videos/6008.mp4,1381.010,29.97,2000-01-01T00:00:00,2000-01-01T00:00:00,,,No focal subject,NotLookAtMomActivity,Baby Looking,,STATE,898.946,905.198,6.252,,
6008BECNR,2021-12-06 13:26:24,,T:/Unpredictability Video Coding Project/Montreal Videos/6008.mp4,1381.010,29.97,2000-01-01T00:00:00,2000-01-01T00:00:00,,,No focal subject,positive,Affect,,STATE,900.213,910.145,9.932,,
6008BECNR,2021-12-06 13:26:24,,T:/Unpredictability Video Coding Project/Montreal Videos/6008.mp4,1381.010,29.97,2000-01-01T00:00:00,2000-01-01T00:00:00,,,No focal subject,Vocal,Vocal,,POINT,900.419,900.419,NA,,
6008BECNR,2021-12-06 13:26:24,,T:/Unpredictability Video Coding Project/Montreal Videos/6008.mp4,1381.010,29.97,2000-01-01T00:00:00,2000-01-01T00:00:00,,,No focal subject,Vocal,Vocal,,POINT,901.920,901.920,NA,,
6008BECNR,2021-12-06 13:26:24,,T:/Unpredictability Video Coding Project/Montreal Videos/6008.mp4,1381.010,29.97,2000-01-01T00:00:00,2000-01-01T00:00:00,,,No focal subject,ManipulatingObject,Mom Manipulation,,STATE,903.477,915.752,12.275,,
6008BECNR,2021-12-06 13:26:24,,T:/Unpredictability Video Coding Project/Montreal Videos/6008.mp4,1381.010,29.97,2000-01-01T00:00:00,2000-01-01T00:00:00,,,No focal subject,LookAtMomActivity,Baby Looking,,STATE,905.199,915.444,10.245,,
6008BECNR,2021-12-06 13:26:24,,T:/Unpredictability Video Coding Project/Montreal Videos/6008.mp4,1381.010,29.97,2000-01-01T00:00:00,2000-01-01T00:00:00,,,No focal subject,Vocal,Vocal,,POINT,905.420,905.420,NA,,
6008BECNR,2021-12-06 13:26:24,,T:/Unpredictability Video Coding Project/Montreal Videos/6008.mp4,1381.010,29.97,2000-01-01T00:00:00,2000-01-01T00:00:00,,,No focal subject,Vocal,Vocal,,POINT,906.171,906.171,NA,,
6008BECNR,2021-12-06 13:26:24,,T:/Unpredictability Video Coding Project/Montreal Videos/6008.mp4,1381.010,29.97,2000-01-01T00:00:00,2000-01-01T00:00:00,,,No focal subject,Vocal,Vocal,,POINT,906.671,906.671,NA,,
6008BECNR,2021-12-06 13:26:24,,T:/Unpredictability Video Coding Project/Montreal Videos/6008.mp4,1381.010,29.97,2000-01-01T00:00:00,2000-01-01T00:00:00,,,No focal subject,Vocal,Vocal,,POINT,907.420,907.420,NA,,
6008BECNR,2021-12-06 13:26:24,,T:/Unpredictability Video Coding Project/Montreal Videos/6008.mp4,1381.010,29.97,2000-01-01T00:00:00,2000-01-01T00:00:00,,,No focal subject,Vocal,Vocal,,POINT,908.669,908.669,NA,,
6008BECNR,2021-12-06 13:26:24,,T:/Unpredictability Video Coding Project/Montreal Videos/6008.mp4,1381.010,29.97,2000-01-01T00:00:00,2000-01-01T00:00:00,,,No focal subject,neutral,Affect,,STATE,910.146,934.330,24.184,,
6008BECNR,2021-12-06 13:26:24,,T:/Unpredictability Video Coding Project/Montreal Videos/6008.mp4,1381.010,29.97,2000-01-01T00:00:00,2000-01-01T00:00:00,,,No focal subject,Vocal,Vocal,,POINT,910.419,910.419,NA,,
6008BECNR,2021-12-06 13:26:24,,T:/Unpredictability Video Coding Project/Montreal Videos/6008.mp4,1381.010,29.97,2000-01-01T00:00:00,2000-01-01T00:00:00,,,No focal subject,Vocal,Vocal,,POINT,914.419,914.419,NA,,
6008BECNR,2021-12-06 13:26:24,,T:/Unpredictability Video Coding Project/Montreal Videos/6008.mp4,1381.010,29.97,2000-01-01T00:00:00,2000-01-01T00:00:00,,,No focal subject,Vocal,Vocal,,POINT,914.879,914.879,NA,,
6008BECNR,2021-12-06 13:26:24,,T:/Unpredictability Video Coding Project/Montreal Videos/6008.mp4,1381.010,29.97,2000-01-01T00:00:00,2000-01-01T00:00:00,,,No focal subject,NotLookAtMomActivity,Baby Looking,,STATE,915.445,932.893,17.448,,
6008BECNR,2021-12-06 13:26:24,,T:/Unpredictability Video Coding Project/Montreal Videos/6008.mp4,1381.010,29.97,2000-01-01T00:00:00,2000-01-01T00:00:00,,,No focal subject,NoObjectInHand,Mom Manipulation,,STATE,915.753,929.432,13.679,,
6008BECNR,2021-12-06 13:26:24,,T:/Unpredictability Video Coding Project/Montreal Videos/6008.mp4,1381.010,29.97,2000-01-01T00:00:00,2000-01-01T00:00:00,,,No focal subject,Vocal,Vocal,,POINT,918.879,918.879,NA,,
6008BECNR,2021-12-06 13:26:24,,T:/Unpredictability Video Coding Project/Montreal Videos/6008.mp4,1381.010,29.97,2000-01-01T00:00:00,2000-01-01T00:00:00,,,No focal subject,Vocal,Vocal,,POINT,922.628,922.628,NA,,
6008BECNR,2021-12-06 13:26:24,,T:/Unpredictability Video Coding Project/Montreal Videos/6008.mp4,1381.010,29.97,2000-01-01T00:00:00,2000-01-01T00:00:00,,,No focal subject,AutonomySupport,Behavior,,STATE,928.329,932.327,3.998,,
6008BECNR,2021-12-06 13:26:24,,T:/Unpredictability Video Coding Project/Montreal Videos/6008.mp4,1381.010,29.97,2000-01-01T00:00:00,2000-01-01T00:00:00,,,No focal subject,Vocal,Vocal,,POINT,929.379,929.379,NA,,
6008BECNR,2021-12-06 13:26:24,,T:/Unpredictability Video Coding Project/Montreal Videos/6008.mp4,1381.010,29.97,2000-01-01T00:00:00,2000-01-01T00:00:00,,,No focal subject,ManipulatingObject,Mom Manipulation,,STATE,929.433,930.932,1.499,,
6008BECNR,2021-12-06 13:26:24,,T:/Unpredictability Video Coding Project/Montreal Videos/6008.mp4,1381.010,29.97,2000-01-01T00:00:00,2000-01-01T00:00:00,,,No focal subject,Vocal,Vocal,,POINT,930.128,930.128,NA,,
6008BECNR,2021-12-06 13:26:24,,T:/Unpredictability Video Coding Project/Montreal Videos/6008.mp4,1381.010,29.97,2000-01-01T00:00:00,2000-01-01T00:00:00,,,No focal subject,NoObjectInHand,Mom Manipulation,,STATE,930.933,932.327,1.394,,
6008BECNR,2021-12-06 13:26:24,,T:/Unpredictability Video Coding Project/Montreal Videos/6008.mp4,1381.010,29.97,2000-01-01T00:00:00,2000-01-01T00:00:00,,,No focal subject,ActivityNotVisible,Mom Manipulation,,STATE,932.328,968.194,35.866,,
6008BECNR,2021-12-06 13:26:24,,T:/Unpredictability Video Coding Project/Montreal Videos/6008.mp4,1381.010,29.97,2000-01-01T00:00:00,2000-01-01T00:00:00,,,No focal subject,CantTellBehavior,Behavior,,STATE,932.328,969.445,37.117,,
6008BECNR,2021-12-06 13:26:24,,T:/Unpredictability Video Coding Project/Montreal Videos/6008.mp4,1381.010,29.97,2000-01-01T00:00:00,2000-01-01T00:00:00,,,No focal subject,CantTellLooking,Baby Looking,,STATE,932.894,969.192,36.298,,
6008BECNR,2021-12-06 13:26:24,,T:/Unpredictability Video Coding Project/Montreal Videos/6008.mp4,1381.010,29.97,2000-01-01T00:00:00,2000-01-01T00:00:00,,,No focal subject,CantTellAffect,Affect,,STATE,934.331,964.695,30.364,,
6008BECNR,2021-12-06 13:26:24,,T:/Unpredictability Video Coding Project/Montreal Videos/6008.mp4,1381.010,29.97,2000-01-01T00:00:00,2000-01-01T00:00:00,,,No focal subject,positive,Affect,,STATE,964.696,970.194,5.498,,
6008BECNR,2021-12-06 13:26:24,,T:/Unpredictability Video Coding Project/Montreal Videos/6008.mp4,1381.010,29.97,2000-01-01T00:00:00,2000-01-01T00:00:00,,,No focal subject,NoObjectInHand,Mom Manipulation,,STATE,968.195,970.113,1.918,,
6008BECNR,2021-12-06 13:26:24,,T:/Unpredictability Video Coding Project/Montreal Videos/6008.mp4,1381.010,29.97,2000-01-01T00:00:00,2000-01-01T00:00:00,,,No focal subject,NotLookAtMomActivity,Baby Looking,,STATE,969.193,975.523,6.330,,
6008BECNR,2021-12-06 13:26:24,,T:/Unpredictability Video Coding Project/Montreal Videos/6008.mp4,1381.010,29.97,2000-01-01T00:00:00,2000-01-01T00:00:00,,,No focal subject,Neither,Behavior,,STATE,969.446,970.785,1.339,,
6008BECNR,2021-12-06 13:26:24,,T:/Unpredictability Video Coding Project/Montreal Videos/6008.mp4,1381.010,29.97,2000-01-01T00:00:00,2000-01-01T00:00:00,,,No focal subject,ManipulatingObject,Mom Manipulation,,STATE,970.114,972.362,2.248,,
6008BECNR,2021-12-06 13:26:24,,T:/Unpredictability Video Coding Project/Montreal Videos/6008.mp4,1381.010,29.97,2000-01-01T00:00:00,2000-01-01T00:00:00,,,No focal subject,neutral,Affect,,STATE,970.195,975.288,5.093,,
6008BECNR,2021-12-06 13:26:24,,T:/Unpredictability Video Coding Project/Montreal Videos/6008.mp4,1381.010,29.97,2000-01-01T00:00:00,2000-01-01T00:00:00,,,No focal subject,AutonomySupport,Behavior,,STATE,970.786,978.538,7.752,,
6008BECNR,2021-12-06 13:26:24,,T:/Unpredictability Video Coding Project/Montreal Videos/6008.mp4,1381.010,29.97,2000-01-01T00:00:00,2000-01-01T00:00:00,,,No focal subject,Vocal,Vocal,,POINT,971.270,971.270,NA,,
6008BECNR,2021-12-06 13:26:24,,T:/Unpredictability Video Coding Project/Montreal Videos/6008.mp4,1381.010,29.97,2000-01-01T00:00:00,2000-01-01T00:00:00,,,No focal subject,NoObjectInHand,Mom Manipulation,,STATE,972.363,989.114,16.751,,
6008BECNR,2021-12-06 13:26:24,,T:/Unpredictability Video Coding Project/Montreal Videos/6008.mp4,1381.010,29.97,2000-01-01T00:00:00,2000-01-01T00:00:00,,,No focal subject,negative,Affect,,STATE,975.289,983.791,8.502,,
6008BECNR,2021-12-06 13:26:24,,T:/Unpredictability Video Coding Project/Montreal Videos/6008.mp4,1381.010,29.97,2000-01-01T00:00:00,2000-01-01T00:00:00,,,No focal subject,LookAtMomActivity,Baby Looking,,STATE,975.524,977.272,1.748,,
6008BECNR,2021-12-06 13:26:24,,T:/Unpredictability Video Coding Project/Montreal Videos/6008.mp4,1381.010,29.97,2000-01-01T00:00:00,2000-01-01T00:00:00,,,No focal subject,Vocal,Vocal,,POINT,976.020,976.020,NA,,
6008BECNR,2021-12-06 13:26:24,,T:/Unpredictability Video Coding Project/Montreal Videos/6008.mp4,1381.010,29.97,2000-01-01T00:00:00,2000-01-01T00:00:00,,,No focal subject,NotLookAtMomActivity,Baby Looking,,STATE,977.273,989.023,11.750,,
6008BECNR,2021-12-06 13:26:24,,T:/Unpredictability Video Coding Project/Montreal Videos/6008.mp4,1381.010,29.97,2000-01-01T00:00:00,2000-01-01T00:00:00,,,No focal subject,Vocal,Vocal,,POINT,977.771,977.771,NA,,
6008BECNR,2021-12-06 13:26:24,,T:/Unpredictability Video Coding Project/Montreal Videos/6008.mp4,1381.010,29.97,2000-01-01T00:00:00,2000-01-01T00:00:00,,,No focal subject,Neither,Behavior,,STATE,978.539,981.126,2.587,,
6008BECNR,2021-12-06 13:26:24,,T:/Unpredictability Video Coding Project/Montreal Videos/6008.mp4,1381.010,29.97,2000-01-01T00:00:00,2000-01-01T00:00:00,,,No focal subject,Vocal,Vocal,,POINT,980.022,980.022,NA,,
6008BECNR,2021-12-06 13:26:24,,T:/Unpredictability Video Coding Project/Montreal Videos/6008.mp4,1381.010,29.97,2000-01-01T00:00:00,2000-01-01T00:00:00,,,No focal subject,AutonomySupport,Behavior,,STATE,981.127,989.126,7.999,,
6008BECNR,2021-12-06 13:26:24,,T:/Unpredictability Video Coding Project/Montreal Videos/6008.mp4,1381.010,29.97,2000-01-01T00:00:00,2000-01-01T00:00:00,,,No focal subject,Vocal,Vocal,,POINT,981.271,981.271,NA,,
6008BECNR,2021-12-06 13:26:24,,T:/Unpredictability Video Coding Project/Montreal Videos/6008.mp4,1381.010,29.97,2000-01-01T00:00:00,2000-01-01T00:00:00,,,No focal subject,Vocal,Vocal,,POINT,982.520,982.520,NA,,
6008BECNR,2021-12-06 13:26:24,,T:/Unpredictability Video Coding Project/Montreal Videos/6008.mp4,1381.010,29.97,2000-01-01T00:00:00,2000-01-01T00:00:00,,,No focal subject,neutral,Affect,,STATE,983.792,989.038,5.246,,
6008BECNR,2021-12-06 13:26:24,,T:/Unpredictability Video Coding Project/Montreal Videos/6008.mp4,1381.010,29.97,2000-01-01T00:00:00,2000-01-01T00:00:00,,,No focal subject,Vocal,Vocal,,POINT,984.269,984.269,NA,,
6008BECNR,2021-12-06 13:26:24,,T:/Unpredictability Video Coding Project/Montreal Videos/6008.mp4,1381.010,29.97,2000-01-01T00:00:00,2000-01-01T00:00:00,,,No focal subject,Vocal,Vocal,,POINT,986.022,986.022,NA,,
6008BECNR,2021-12-06 13:26:24,,T:/Unpredictability Video Coding Project/Montreal Videos/6008.mp4,1381.010,29.97,2000-01-01T00:00:00,2000-01-01T00:00:00,,,No focal subject,Vocal,Vocal,,POINT,986.269,986.269,NA,,
